Datum;Fachbedeutung;RAS-Verm;Bezeichnung;Symbolart;Landescode
07.04.09;#041.F001;;DGM - Umring;Linie;
07.04.09;#041.F002;;DGM - Inring;Linie;
07.04.09;#051.F001;;Böschungsoberkante, verdeckt;Linie;
07.04.09;#051.F002;;Böschungsunterkante, verdeckt;Linie;
07.04.09;#051.F005;;Zuordnungsstrich, verdeckt;Linie;
07.04.09;#051.F006;;Geländer, verdeckt;Linie;
07.04.09;#051.F007;;Straßengraben allgemein, verdeckt;Linie;
07.04.09;#051.F008;;Weg < 1m , verdeckt;Linie;
07.04.09;#051.F009;;Wegseite unbefestigt, verdeckt;Linie;
07.04.09;#051.F010;;Gehsteig an Straßen, verdeckt;Linie;
07.04.09;#051.F011;;Geh und Radweg, verdeckt;Linie;
07.04.09;#051.F012;;Radweg an Straßen, verdeckt;Linie;
07.04.09;#051.F013;;Hochbord, verdeckt;Linie;
07.04.09;#051.F014;;Tiefbord abgesenkter Bord, verdeckt;Linie;
07.04.09;#051.F017;;Eisenbahn, verdeckt;Linie;
07.04.09;#051.F019;;Uferline fest, verdeckt;Linie;
07.04.09;#051.F021;;Graben, Bach < 1m, verdeckt;Linie;
07.04.09;#051.F022;;Wasserlaufseite > 1 m, verdeckt;Linie;
07.04.09;#051.F023;;Zaun, verdeckt;Linie;
07.04.09;#051.F024;;Mauer mit topografischer Bedeutung rechts, verdeckt;Linie;
07.04.09;#051.F025;;Mauer mit topografischer Bedeutung mittig, verdeckt;Linie;
07.04.09;#051.F026;;Stützmauer Futtermauer, verdeckt;Linie;
07.04.09;#061.F001;;DGM - Bruchkanten;Linie;
07.04.09;#061.F002;;DGM - Bruchkanten, geschlossen;Linie;
07.04.09;#061.F003;;DGM - Böschungsoberkante;Linie;
07.04.09;#061.F004;;DGM - Böschungsunterkante;Linie;
07.04.09;#061.F005;;DGM - Fahrbahnbegrenzung;Linie;
07.04.09;#061.F006;;DGM - Straßengraben;Linie;
07.04.09;#061.F007;;DGM - Uferlinie;Linie;
07.04.09;#061.F008;;DGM - Uferlinie, veränderlich;Linie;
07.04.09;#061.F009;;DGM - Bach unter 1m;Linie;
07.04.09;#061.F010;;DGM - Wasserlaufseite > 1m;Linie;
07.04.09;#061.F011;;DGM - Pfad;Linie;
07.04.09;#061.F012;;DGM - Gehweg/Radweg;Linie;
07.04.09;#061.F015;;DGM - Wegseite, unbefestigt;Linie;
07.04.09;#061.F016;;DGM - Hochbord;Linie;
07.04.09;#061.F017;;DGM - Tiefbord;Linie;
07.04.09;#061.F018;;DGM - Formlinien;Linie;
07.04.09;#061.F019;;DGM - Formlinien, geschlossen;Linie;
07.04.09;#061.F020;;DGM - Randlinie;Linie;
07.04.09;#061.F021;;DGM - Hofraum;Linie;
07.04.09;#061.F022;;DGM - Pflasterkante;Linie;
07.04.09;#061.F023;;Orthophoto-Bruchkante;Linie;
07.04.09;#063.F001;;Hinweislinie zum Editieren von Daten;Linie;
07.04.09;#063.F001;;Hinweistext zum Editieren von Daten;Text;1
07.04.09;#080.F001;;DGM - Urgelände, Umring;Linie;
07.04.09;#080.F001;;DGM - Urgelände, Umring, Beschriftung;Text;1
07.04.09;#080.F002;;DGM - Urgelände, Inring;Linie;
07.04.09;#080.F002;;DGM - Urgelände, Inring, Beschriftung;Text;1
07.04.09;#140.F001;;Öffentliches Gebäude;Text;1
05.08.02;#231.F001;;Tangentenpunkt;Punkt;a54
05.08.02;#231.F002;;Achspunkt;Punkt;a55
07.08.02;#231.F003;;Kreuzungspunkt;Punkt;a11
07.04.09;#231.F004;;Pfeil, Querneigung;Punkt;D31
07.04.09;#231.F005;;Regelquerschnitt Linie;Linie;1
07.04.09;#231.F005;;Regelquerschnitt, Beschriftung;Text;1
07.04.09;#231.F006;;Quergefälle ( Darstellung );Linie;1
07.04.09;#231.F008;;Achshauptpunkt / Absteckung;Punkt;
07.04.09;#231.F008;;Achshauptpunkt / Absteckung, Beschriftung;Text;1
30.03.04;#232.F001;;Bauwerksbezeichnung, Symbol;Punkt;U99
07.04.09;#232.F001;;Bauwerksbezeichnung, Beschriftung;Text;1
07.04.09;#232.F001;;Bauwerksbez., Rahmen;Linie;1
07.08.02;#233.F002;;Befestigungswechsel, punktiert;Linie;61
30.03.04;#233.F003;;Befestigungsart Beton;Text;1
07.04.09;#233.F004;;Befestigungsart Bitumen;Text;1
07.04.09;#233.F005;;Befestigungsart Pflaster;Text;1
07.04.09;#233.F006;;Befestigungsart Schotter;Text;1
07.04.09;#233.F007;;Befestigungsart unbefestigt;Text;1
30.03.04;#23B.F001;;Brückenerfassung;Linie;1
07.04.09;#051.F018;;Brückenerfassung, verdeckt;Linie;
07.04.09;#23B.F002;;Dehnungsfuge;Linie;1
07.04.09;#23B.F002;;Dehnungsfuge, Text;Text;1
07.04.09;#23B.F003;;Durchlaß, Lichte Weite;Text;1
07.04.09;#23B.F004;;Durchlaß, Lichte Höhe;Text;1
07.04.09;#23B.F005;;Durchlaß, Durchmesser;Text;1
19.04.04;#23B.F006;;Brückenerf., Schraffur;Linie;1
05.08.02;#245.F001;;Geländer;Linie;06
07.04.09;#245.F002;;Steigpfeil;Punkt;
07.04.09;#245.F003;;Kellerlichtschacht;Linie;
07.04.09;#245.F004;;Fundament, maßstäblich;Linie;1
07.04.09;#245.F006;;Fallrohr;Punkt;
07.04.09;#245.F007;;Hauspunkt, Wohnhaus;Punkt;
07.04.09;#245.F008;;Hauskreuz, Wirtschaftsgebäude;Punkt;
07.04.09;#252.F001;;Rückhaltebecken;Linie;
27.08.02;#253.F001;;Merkstein, allgemein;Punkt;a09
31.07.02;#254.F001;;Fundament, maßstäblich, verdeckt;Punkt;V91
07.04.09;#255.F001;;Regenwasserablauf;Linie;1
05.08.02;#256.F001;;Windanzeiger;Punkt;U67
07.04.09;#264.F001;;Graben Kataster, Text;Text;1
07.04.09;#264.F001;;Graben Kataster, Pfeil;Punkt;
28.01.04;#274.F001;;Papierkorb;Punkt;a23
03.02.04;#274.F002;;Werbetafel;Punkt;A54
03.02.04;#274.F002;;Werbetafel;Text;1
26.08.02;#275.F001;;Gebietsbegrenzung mit besonderer Rechtsvorschrift;Linie;02
26.08.02;#275.F002;;Grenze des Nummerierungsbezirks für Punkte;Linie;
26.08.02;#275.F002;;Eigentümer Kataster, Beschriftung;Text;1
26.08.02;#275.F003;;Blattschnitt der Rahmenkarte;Linie;
26.08.02;#317.F001;;Flurstücksnummer Bruchstrich;Linie;
26.08.02;#317.F002;;Flurstücksnummer Bruchstrich, neu;Linie;
26.08.02;#317.F003;;Zuordnungsstrich Kataster;Linie;
26.08.02;#317.F004;;Zuordnungsstrich Kataster, neu;Linie;
25.10.01;0039.0000;1.4.2;Nordpfeil;Punkt;M51
20.06.03;0111.0000;2.6.3.1;Grenzmarken an Staats-, Landesgrenze;Punkt;C01
25.10.01;0111.0000;2.6.3.1;Grenzmarken an Staats-, Landesgrenze;Text;1
25.10.01;0112.0000;2.6.3.2;Grenzsäule an Staats-, Landesgrenze;Punkt;C17
07.08.02;0114.F001;2.7.4.5;Jagenstein, Abteilungsstein;Punkt;a31
07.08.02;0114.F002;2.7.4.5;Jagenstein, Abteilungsstein neu;Punkt;a47
20.06.03;0118.0000;2.6.3.3;Abgemarkter Grenzpunkt;Punkt;C14
20.06.03;0181.F001;;Abgemarkter Grenzpunkt, Beschriftung;Text;1
20.06.03;0118.F002;;Abgemarkter Grenzpunkt, neu;Punkt;a39
20.06.03;0118.F003;;Abgemarkter Grenzpunkt Vermarkung Grenzstein;Punkt;a25
20.06.03;0118.F004;;Abgemarkter Grenzpunkt Vermarkung Grenzstein, neu;Punkt;a41
20.06.03;0118.F005;;Abgemarkter Grenzpunkt in Mitte Oberkante;Punkt;a26
20.06.03;0118.F006;;Abgemarkter Grenzpunkt in Mitte Oberkante, neu;Punkt;a42
20.06.03;0118.F007;;Abgemarkter Grenzpunkt Ecke eines Steines;Punkt;a27
20.06.03;0118.F008;;Abgemarkter Grenzpunkt Ecke eines Steines, neu;Punkt;a43
20.06.03;0118.F009;;Abgemarkter Grenzpunkt unterirdisch;Punkt;a28
20.06.03;0118.F010;;Abgemarkter Grenzpunkt unterirdisch, neu;Punkt;a44
07.08.02;0118.F011;;Grenzkreuz;Punkt;a29
07.08.02;0118.F012;;Grenzkreuz, neu;Punkt;a45
07.08.02;0118.F013;;abgemarkter Grenzpunkt der Markscheide;Punkt;a30
07.08.02;0118.F014;;abgemarkter Grenzpunkt der Markscheide, neu;Punkt;a46
07.08.02;0118.F015;;Grenzhügel;Punkt;a32
07.08.02;0118.F016;;Grenzhügel, neu;Punkt;a48
07.08.02;0118.F017;;Grenzbaum (Nadelbaum);Punkt;a33
07.08.02;0118.F018;;Grenzbaum (Nadelbaum), neu;Punkt;a49
07.08.02;0118.F019;;Grenzbaum (Laubbaum);Punkt;a34
07.08.02;0118.F020;;Grenzbaum (Laubbaum), neu;Punkt;a504
08.08.02;0119.F001;2.6.3.4;Grenzpunkt, unvermarkt;Punkt;U17
08.08.02;0119.F002;2.6.3.4;Nicht abgemarkter Grenzpunkt, neu;Punkt;a40
06.06.03;0122.0000;2.1.2;Aufnahmepunkt;Punkt;E02
25.10.01;0122.0000;2.1.2;Aufnahmepunkt;Text;1
25.10.01;0123.0000;2.1.4;Kleinpunkt  (vermarkt), Punkt in Messungslinie;Punkt;E04
25.10.01;0123.0000;2.1.4;Kleinpunkt  (vermarkt), Punkt in Messungslinie;Text;1
07.04.09;0123.F001;2.1.4;Achskleinpunkt / Absteckung;Punkt;
07.04.09;0123.F001;2.1.4;Achskleinpunkt / Absteckung, Beschriftung;Text;1
07.04.09;0123.F002;;Baufeldgrenzpunkt;Punkt;
07.04.09;0123.F002;;Baufeldgrenzpunkt, Beschriftung;Text;1
07.04.09;0123.F002;;Baufeldgrenze;Linie;
07.04.09;0123.F003;;Planfeststellungsgrenzpunkt;Punkt;
07.04.09;0123.F003;;Planfeststellungsgrenzpunkt, Beschriftung;Text;1
07.04.09;0123.F003;;Planfeststellungsgrenze;Linie;
25.10.01;0126.0000;2.1.3;Beobachtungspfeiler der Straßenbauverwaltung;Punkt;E03
06.06.03;0126.0000;2.1.3;Beobachtungspfeiler der Straßenbauverwaltung;Text;1
25.10.01;0127.0000;2.1.2;Polygonpunkt der Straßenbauverwaltung;Punkt;E28
25.10.01;0127.0000;2.1.2;Polygonpunkt der Straßenbauverwaltung;Text;1
25.10.01;0141.0000;2.1.6.1;Pfeilerbolzen;Text;1
18.06.02;0142.0000;2.1.6.2;Mauerbolzen;Text;1
25.10.01;0147.0000;2.1.6.4;HP = PP;Text;1
10.12.03;0147.F001;;HP/Landesvermessung;Punkt;
10.12.03;0147.F001;;HP/Landesvermessung;Text;1
08.12.03;0147.F002;;Höhenfestpunkt der Straßenbauverwaltung;Punkt;E05
08.12.03;0147.F002;;Höhenfestpunkt der Straßenbauverwaltung;Text;1
09.08.02;0147.F003;;Höhenkontrollpunkt;Punkt;a10
08.12.03;0147.F003;;Höhenkontrollpunkt;Text;1
10.12.03;0162.F001;;TP/Landesvermessung/Bodenpunkt;Punkt;E24
10.12.03;0162.F001;;TP/Landesvermessung/Bodenpunkt;Text;1
20.06.03;0211.0000;2.6.1.1;Staatsgrenze;Linie;07
20.06.03;0212.0000;2.6.1.2;Landesgrenze;Linie;08
20.06.03;0213.0000;2.6.1.3;Regierungsbezirksgrenze;Linie;09
20.06.03;0214.0000;2.6.1.4;Kreisgrenze;Linie;10
20.06.03;0215.0000;2.6.1.5;Gemeindegrenze;Linie;11
20.06.03;0231.0000;2.6.1.6;Gemarkungsgrenze;Linie;12
20.06.03;0232.0000;2.6.1.7;Flurgrenze;Linie;13
03.03.03;0232.0000;3.1.6;Flurnummer;Text;1
24.07.03;0233.0000;2.6.1.8;Flurstücksgrenze;Linie;14
03.03.03;0233.0000;3.1.7;Flurstücksnummer;Text;1
26.08.02;0233.F001;2.6.1.8;Flurstücksgrenze;Linie;14
26.08.02;0233.F001;3.1.7;Flurstücksnummer, neu;Text;1
03.03.03;0234.0000;3.1.8;Flurstücksnummer in besonderer Darstellung;Text;1
20.06.03;0235.0000;2.6.1.9;Strittige Grenze;Linie;I36
03.02.04;0241.0000;2.2.7.34;Nutzungsartengrenze;Linie;H17
30.10.03;0241.0000;2.2.7.34;Nutzungsartengrenze;Flaeche;0
30.10.03;0241.0000;2.2.7.34;Nutzungsartengrenze, Text;Text;1
30.10.03;0241.F002;;Hofraum;Linie;H15
20.06.03;0248.0000;2.6.1.10;Flurstücksgrenze als Mittellinie in Gewässern;Linie;I37
26.08.02;0248.F001;;Flurstücksgrenze, Wasser;Linie;03
25.10.01;0251.0000;2.2.6;Topographische (Begrenzungs-) Linie;Linie;H15
25.10.01;0252.0000;2.2.6.1;Topographische (Begrenzungs-) Linie, verdeckt;Linie;H16
18.06.03;0253.0000;2.3.3.10;Topographische Zuordnungslinie;Linie;H43
25.10.01;0272.0000;2.7.5.1;Gesetzliche Überschwemmungsgrenze;Linie;I60
07.04.09;0272.0000;2.7.5.1;Gesetzliche Überschwemmungsgrenze;Text;1
25.10.01;0273.0000;2.7.5.2;Hochwassergrenze;Linie;I61
07.04.09;0273.0000;2.7.5.2;Hochwassergrenze;Text;1
25.10.01;0274.0000;2.7.5.14;Mittleres Tidehochwasser;Linie;I73
07.04.09;0274.0000;2.7.5.14;Mittleres Tidehochwasser, Beschriftung;Text;1
20.06.03;0275.0000;2.7.5.3;Markscheide;Linie;I62
07.04.09;0275.0000;2.7.5.3;Markscheide, Beschriftung;Text;1
21.07.03;0276.0000;2.7.5.4;Naturschutzgebietsgrenze;Linie;I63
07.04.09;0276.0000;2.7.5.4;Naturschutzgebietsgrenze, Beschriftung;Text;1
21.07.03;0277.0000;2.7.5.5;Landschaftsschutz- Gebietsgrenze;Linie;I64
07.04.09;0277.0000;2.7.5.5;Landschaftsschutz- Gebietsgrenze, Beschriftung;Text;1
28.10.03;0278.0000;2.7.5.6;Wasserschutzgebietsgrenze;Linie;39
07.04.09;0278.0000;2.7.5.6;Wasserschutzgebietsgrenze, Beschriftung;Text;1
25.10.01;0279.0000;2.7.5.7;Lärmschutzbereichsgrenze;Linie;I66
07.04.09;0279.0000;2.7.5.7;Lärmschutzbereichsgrenze, Beschriftung;Text;1
25.10.01;0281.0000;2.7.5.8;Heilquellenschutz- Gebietsgrenze;Linie;I67
07.04.09;0281.0000;2.7.5.8;Heilquellenschutz- Gebietsgrenze, Beschriftung;Text;1
25.10.01;0282.0000;2.7.5.9;Pegelschutzgebietsgrenze;Linie;I68
07.04.09;0282.0000;2.7.5.9;Pegelschutzgebietsgrenze, Beschriftung;Text;1
25.10.01;0283.0000;2.7.5.10;Denkmalzone (Grenze);Linie;I69
07.04.09;0283.0000;2.7.5.10;Denkmalzone (Grenze), Beschriftung;Text;1
25.10.01;0284.0000;2.7.5.11;Grabungsschutzgebietsgrenze;Linie;I70
07.04.09;0284.0000;2.7.5.11;Grabungsschutzgebietsgrenze, Beschriftung;Text;1
25.10.01;0285.0000;2.7.5.12;Altlasten (Grenze);Linie;I71
07.04.09;0285.0000;2.7.5.12;Altlasten (Grenze), Beschriftung;Text;1
25.10.01;0286.0000;2.7.5.15;Flurbereinigungsverfahren (Grenze);Linie;I74
07.04.09;0286.0000;2.7.5.15;Flurbereinigungsverfahren (Grenze), Beschriftung;Text;1
25.10.01;0287.0000;2.7.5.16;Umlegungsverfahren (Grenze);Linie;I75
07.04.09;0287.0000;2.7.5.16;Umlegungsverfahren (Grenze), Beschriftung;Text;1
25.10.01;0288.0000;2.7.5.17;Sanierungsverfahren (Grenze);Linie;I76
07.04.09;0288.0000;2.7.5.17;Sanierungsverfahren (Grenze), Beschriftung;Text;1
25.10.01;0289.0000;2.7.5.18;Andere öffentlichrechtliche Grenze;Linie;I77
25.10.01;0289.0000;2.7.5.18;Andere öffentlichrechtliche Grenze, Beschriftung;Text;1
07.04.09;0289.F001;;Baulastgrenze;Linie;
07.04.09;0289.F001;;Baulastgrenze, Beschriftung;Text;1
07.04.09;0289.F002;;Baulastgrenze nach §7 Abs.2 GBO;Linie;
20.06.03;0291.0000;2.6.2.1;Zugehörigkeitshaken;Punkt;C06
26.08.02;0291.F001;;Zugehörigkeitshaken, neu;Punkt;U14
20.06.03;0292.0000;2.6.2.2;Zuordnungspfeil;Punkt;C31
25.10.01;0311.0000;2.6.4.1;Grenzhecke;Linie;20
25.10.01;0312.0000;2.6.4.2;Grenzzaun;Linie;22
26.08.02;0312.F001;;Grenzzaun;Linie;27
20.06.03;0313.0000;2.6.4.3;Grenzmauer;Linie;24
26.08.02;0313.F001;;Grenzmauer, einseitig;Linie;24
26.08.02;0313.F002;;Grenzmauer, doppelt;Linie;25
25.10.01;0315.0000;2.6.4.6;Grenzwall ohne Bewachsung;Linie;I52
25.10.01;0316.0000;2.6.4.7;Grenzwall mit Bewachsung;Linie;I54
25.10.01;0317.0000;2.6.4.8;Grenzrain;Linie;I56
26.08.02;0317.F001;;Grenzrain, einseitig;Linie;
26.08.02;0318.F001;;Wasserführender Grenzgraben > 1 mm , einseitig;Linie;*
26.08.02;0318.F002;;Wasserführender Grenzgraben < 1 mm , einseitig;Linie;00
27.10.03;0319.0000;2.6.4.10;Trockener Grenzgraben;Linie;I59
25.10.01;0321.0000;2.6.4.4;Futtermauer, Stützmauer als Grenzmauer;Linie;I47
25.10.01;0323.0000;2.6.4.5;Spundmauer als Grenzeinrichtung;Linie;42
27.06.02;0329.0000;2.6.4.11;Trennstrich für überspringende Grenzeinrichtung;Punkt;C51
25.10.01;0356.0000;2.7.4.9;Hecktor;Punkt;G25
25.10.01;0411.0000;2.2.3.1;Höhenlinie - 20 Meter;Linie;H07
25.10.01;0411.0000;2.2.3.1;Höhenlinie - 20 Meter;Text;1
25.10.01;0412.0000;2.2.3.2;Höhenlinie - 10 Meter;Linie;H08
25.10.01;0412.0000;2.2.3.2;Höhenlinie - 10 Meter;Text;1
06.06.03;0413.0000;2.2.3.3;Höhenlinie - 5 Meter;Linie;H09
25.10.01;0413.0000;2.2.3.3;Höhenlinie - 5 Meter;Text;1
06.06.03;0414.0000;2.2.3.4;Höhenlinie - 2,5 Meter;Linie;H10
25.10.01;0414.0000;2.2.3.4;Höhenlinie - 2,5 Meter;Text;1
06.06.03;0415.0000;2.2.3.5;Höhenlinie - 1 Meter;Linie;H11
25.10.01;0415.0000;2.2.3.5;Höhenlinie - 1 Meter;Text;1
06.06.03;0416.0000;2.2.3.6;Höhenlinie - 0,5/0.25 Meter;Linie;H12
25.10.01;0416.0000;2.2.3.6;Höhenlinie - 0,5/0.25 Meter;Text;1
25.10.01;0431.0000;2.2.2.1;Höhenpunkt;Punkt;B50
07.04.09;0431.0001;2.2.2.1;Höhenpunkt, Text;Text;1
07.04.09;0431.F001;;Urgelände;Punkt;B50
07.04.09;0431.F001;;Urgelände, Text;Text;1
07.04.09;0431.F002;;vermessungstechnischer Kontrollschacht;Punkt;
18.07.03;0431.F002;;vermessungstechnischer Kontrollschacht, Beschriftung;Text;1
18.07.03;0435.0000;2.2.2.2;Einzelhöhe;Punkt;B51
09.12.03;0435.0001;2.2.2.2;Einzelhöhe, Text;Text;1
09.12.03;0435.F001;;Straßenhöhe;Punkt;B50
07.04.09;0435.F001;;Straßenhöhe, Text;Text;1
07.04.09;0435.F002;;Sohlhöhe;Punkt;B50
07.04.09;0435.F002;;Sohlhöhe, Text;Text;1
07.04.09;0435.F003;;Höhe no DGM;Punkt;B50
07.04.09;0435.F003;;Höhe no DGM, Text;Text;1
07.04.09;0435.F004;;terrestrisch gemessene Höhe;Punkt;B50
07.04.09;0435.F004;;terrestrisch gemessene Höhe,Text;Text;1
07.04.09;0435.F005;;Höhenpunkt Laserscan;Punkt;B50
07.04.09;0435.F005;;Höhenpunkt Laserscan, Text;Text;1
07.04.09;0435.F006;;Höhenpunkt Orthophotohöhe;Punkt;B50
07.04.09;0435.F006;;Höhenpunkt Orthophotohöhe, Text;Text;1
09.12.03;0441.0000;2.2.4;Fels;Linie;1
06.06.03;0462.0000;2.2.5;Steilrand;Linie;H14
19.06.02;0463.0000;2.2.1.8;Befestigte Böschung;Linie;1
09.12.03;0463.0000;2.2.1.8;Befestigte Böschung;Text;1
09.12.03;0463.F001;;Pflasterkante;Linie;1
18.06.03;0474.0000;2.3.9.2;Spundwand;Linie;H56
19.06.02;0481.0000;2.2.1.1;Deutliche Böschungsoberkante;Linie;H01
19.06.02;0482.0000;2.2.1.3;Undeutliche Böschungsoberkante;Linie;H03
19.06.02;0484.0000;2.2.1.2;Deutliche Böschungsunterkante;Linie;H02
19.06.02;0485.0000;2.2.1.4;Undeutliche Böschungsunterkante;Linie;H04
19.06.02;0486.0000;2.2.1.6;Böschung (Schraffen);Linie;1
07.04.09;0486.F001;;Böschung (Schraffen), verdeckt;Linie;
03.03.03;0611.0000;3.1.1;Stadtgemeinde;Text;1
03.03.03;0612.0000;3.1.2;Landgemeinde;Text;1
03.03.03;0617.0000;3.1.3;Stadtbezirk;Text;1
03.03.03;0618.0000;3.1.4;Gemarkungsname;Text;1
03.03.03;0646.0000;3.1.5;Gewannbezeichnung Lagebezeichnung;Text;1
25.10.01;0719.0000;1.4.1;Gitterkreuz;Punkt;M50
25.10.01;0719.0000;1.4.1;Gitternetzlinien;Linie;0
25.10.01;0719.0001;;Schneiderahmen / Faltmarkierung;Linie;1
25.10.01;0719.0002;;Heftrand;Linie;1
25.10.01;0719.0003;;Koordinatenrahmen;Linie;1
25.10.01;0719.0004;;Innenrahmen;Linie;1
25.10.01;0719.0005;;Gitternetzbeschriftung;Text;1
25.10.01;0719.0006;;Eckpunktbeschriftung;Text;1
25.10.01;0719.0007;;Information im Schneiderahmen;Text;1
25.10.01;0719.F004;;Paßecken, Deckfolie;Linie;
25.10.01;0719.F005;;Blattumrandung;Linie;
25.10.01;0719.F006;;Blattüberlappung;Linie;
25.10.01;0719.F007;;Stempel, dick;Linie;
25.10.01;0719.F008;;Stempel, mittel;Linie;
25.10.01;0719.F009;;Stempel, dünn;Linie;
25.10.01;0719.F010;;Rahmen, dünn-gestrichelt;Linie;
25.10.01;0719.F011;;Rahmen, Beschriftung mittel;Text;1
25.10.01;0719.F012;;Rahmen, Beschriftung klein;Text;1
03.03.03;0733.0000;3.2.10;Richtungshinweise im Kartenrahmen;Text;1
27.10.03;1011.0000;2.4.1.1;Hochhausbegrenzungslinie;Linie;H62
27.08.02;1013.F001;;Wohngebäude;Linie;0
27.08.02;1013.F002;;Wirtschaftsgebäude;Linie;0
27.10.03;1014.0000;2.4.1.4;Offene Begrenzungslinie eines Gebäudes;Linie;H65
27.10.03;1016.0000;2.4.1.5;Begrenzungslinie eines unterirdischen Gebäudes;Linie;H66
27.10.03;1017.0000;2.4.1.6;Begrenzungslinie eines zerstörten Gebäudes;Linie;H67
25.10.01;1017.0000;2.4.1.6;Begrenzungslinie eines zerstörten Gebäudes;Text;1
27.10.03;1019.0000;2.4.4.8;Gebäudeverbindungsgang;Linie;0
25.10.01;1019.0000;2.4.4.8;Gebäudeverbindungsgang;Text;1
25.06.02;1031.0000;2.4.2.1;Hausnummer;Text;1
25.06.02;1033.0000;2.4.2.2;Anzahl der Vollgeschosse;Text;1
25.10.01;1041.0000;2.4.4.2;Durchfahrt im Gebäude;Linie;H70
25.10.01;1042.0000;2.4.4.3;Durchfahrt an überbauten Verkehrsstraßen;Linie;H71
25.10.01;1042.0000;2.4.4.3;Durchfahrt an überbauten Verkehrsstraßen;Text;1
25.06.02;1043.0000;2.4.4.5;Arkaden;Linie;H73
25.06.02;1043.0000;2.4.4.5;Arkaden;Text;1
27.08.02;1044.F001;2.4.5.3;Freitreppe;Linie;00
27.10.03;1045.0000;2.4.4.1;Markierung für  Überdachung, offene Halle, Durchfahrt;Linie;1
25.06.02;1046.0000;2.4.4.6;Aufgeständertes Haus;Linie;H74
25.10.01;1046.0000;2.4.4.6;Aufgeständertes Haus;Text;1
25.06.02;1047.0000;2.4.4.4;Auskragende Geschosse;Linie;H72
25.06.02;1047.0000;2.4.4.4;Auskragende Geschosse;Text;1
25.06.02;1049.0000;2.4.4.9;Rampe;Linie;H75
25.06.02;1049.0000;2.4.4.9;Rampe;Text;1
25.10.01;1056.0000;2.4.2.5;Höhenangaben an Gebäuden;Punkt;B50
25.10.01;1056.0000;2.4.2.5;Höhenangaben an Gebäuden;Text;1
07.04.04;1056.F001;;Firsthöhe;Punkt;B50
07.04.04;1056.F001;;Firsthöhe, Text;Text;1
07.04.04;1056.F002;;Traufhöhe;Punkt;B50
07.04.04;1056.F002;;Traufhöhe, Text;Text;1
25.10.01;1061.0000;2.4.3.1;Schraffur für Gebäude (50 gon);Flaeche;0
25.10.01;1061.0000;2.4.3.1;Schraffur für Gebäude (50 gon);Linie;1
25.10.01;1063.0000;2.4.3.2;Parallelschraffur für Gebäude;Flaeche;0
25.10.01;1063.0000;2.4.3.2;Parallelschraffur für Gebäude;Linie;1
25.06.02;1071.0000;2.4.2.3;Kennzeichnung der Dachformen;Text;1
07.04.04;1072.0000;2.4.2.4;Firstlinie;Linie;H68
27.08.02;1141.F001;;Kirche;Punkt;A03
25.10.01;1142.0000;2.4.6.2;Synagoge;Text;1
25.10.01;1143.0000;2.4.6.3;Kapelle;Text;1
18.06.03;1194.0000;2.4.6.4;U - Bahnhof;Punkt;A04
25.10.01;1194.0000;2.4.6.4;U - Bahnhof;Text;1
18.06.03;1195.0000;2.4.6.5;S - Bahnhof;Punkt;A05
25.10.01;1195.0000;2.4.6.5;S - Bahnhof;Text;1
18.06.03;1208.0000;2.4.5.1;Zufahrt, Einfahrt;Punkt;A08
07.04.04;1208.F001;2.4.5.1;Linie Zufahrt;Linie;0
25.10.01;1209.0000;2.4.5.2;Zugang, Eingang;Punkt;A09
07.04.04;1209.F001;2.4.5.2;Eingang, vorgelagerte Stufe;Linie;1
27.08.02;1472.F001;2.5.9.6;Rastanlage;Punkt;U93
27.08.02;1475.F001;;Parkplatz mit Kiosk/WC;Punkt;U96
27.08.02;1731.F001;2.5.9.5;Tankstelle;Punkt;U92
07.08.02;1731.F002;;Zapfsäule;Punkt;a35
07.08.02;1731.F003;;Luftsäule und Staubsauger;Punkt;a36
07.08.02;1731.F004;;Lüftungsamatur;Punkt;a37
07.08.02;1731.F005;;Wasserhahn;Punkt;a53
20.06.03;1732.0000;2.5.9.7;Tank- und Rastanlage;Punkt;F63
27.08.02;1771.F001;2.7.3.5;Bergwerk in Betrieb;Punkt;V74
20.06.03;1772.0000;2.7.3.7;Bergwerk, außer Betrieb;Punkt;G15
20.06.03;1773.0000;2.7.3.6;Bergwerk, vorübergehend stillgelegt;Punkt;G14
18.06.03;2361.0000;2.4.6.6;Parkhaus;Punkt;A06
27.08.02;2361.F001;;Parkhaus;Punkt;U88
18.06.03;2362.0000;2.4.6.7;Parkdeck;Punkt;A10
18.06.03;2363.0000;2.4.6.8;Tiefgarage;Punkt;A07
27.08.02;2369.F001;;Parkplatz und WC;Punkt;U95
20.06.03;2371.0000;2.7.4.6;Brückenwaage;Punkt;G36
25.10.01;2371.0000;2.7.4.6;Brückenwaage;Text;1
27.08.02;2372.F001;2.7.4.8;Parkscheinautomat;Punkt;U97
27.08.02;2513.F001;2.5.5.8;Pumpe;Punkt;V30
25.10.01;2514.0000;2.5.5.14;Wasserturm;Punkt;F62
25.10.01;2514.0000;2.5.5.14;Wasserturm;Text;1
25.10.01;2572.0000;2.5.7.1;Gasometer;Punkt;F45
25.10.01;2572.0000;2.5.7.1;Gasometer;Text;1
25.10.01;2573.F001;;Schaltkasten, Gas;Punkt;
06.06.03;3141.0000;2.2.7.28;Steinbruch;Punkt;B20
06.06.03;3141.0000;2.2.7.28;Steinbruch;Text;1
06.06.03;3141.0000;2.2.7.28;Steinbruch;Flaeche;0
06.06.03;3161.0000;2.2.7.30;Kohletagebau;Punkt;B22
06.06.03;3161.0000;2.2.7.30;Kohletagebau;Text;1
06.06.03;3161.0000;2.2.7.30;Kohletagebau;Flaeche;0
06.06.03;3171.0000;2.2.7.16;Torfstich;Punkt;B13
25.10.01;3171.0000;2.2.7.16;Torfstich;Text;1
28.01.04;3171.0000;2.2.7.16;Torfstich;Flaeche;0
20.06.03;3191.0000;2.5.9.2;Erdölpumpe, Ölförderanlage;Punkt;F54
25.10.01;3195.0000;2.5.9.4;Erdgasförderstelle;Punkt;F56
20.06.03;3196.0000;2.7.3.8;Bergbauschacht (eckig);Punkt;G16
27.08.02;3411.F001;;Brunnen;Punkt;V60
27.08.02;3421.F001;;Leitung für Wasserversorgung;Linie;0
27.08.02;3421.F001;;Leitung für Wasserversorgung;Text;1
27.08.02;3423.F001;2.5.1.1;Leitung für Wasserversorgung;Linie;03
27.08.02;3426.F001;2.5.3.3;Merkstein für Wasserversorgung;Punkt;V06
27.08.02;3427.F001;2.5.5.3;Hydrant, Oberflur;Punkt;V25
27.08.02;3428.F001;2.5.5.4;Hydrant, Unterflur;Punkt;V26
27.08.02;3429.F001;2.5.3.1;Schieberkappe für Wasserversorgung;Punkt;V04
27.08.02;3433.F001;;Gasleitung;Linie;03
27.08.02;3433.F001;;Gasleitung, Beschriftung;Text;1
27.08.02;3434.F001;2.5.3.6;Merkstein, Gas;Punkt;V09
27.08.02;3435.F001;2.5.3.2;Schieberkappe, Gas;Punkt;V05
27.08.02;3441.F001;2.5.2.3;Leitung, oberirdisch;Linie;0
27.08.02;3442.F001;2.5.1.3;Leitung, unterirdisch;Linie;03
27.08.02;3443.F001;2.5.3.4;Merkstein, Energie;Punkt;V07
27.08.02;3444.F001;;Leitung, oberidrisch, Beschriftung;Text;1
27.08.02;3445.F001;2.5.1.13;Ummantelung, Elektroleitung;Linie;
27.08.02;3445.F002;2.5.1.13;Ummantelung, Gas;Linie;
27.08.02;3445.F003;2.5.1.13;Ummantelung, Fernmeldewesen;Linie;
27.08.02;3445.F004;2.5.1.13;Ummantelung, sonstiges;Linie;
27.08.02;3446.F001;;Leitung, unterirdisch, Beschriftung;Text;1
27.08.02;3447.F001;2.5.6.5;Umformer;Punkt;V40
27.08.02;3448.F001;2.5.3.5;Elektropfeil;Punkt;V01
27.08.02;3449.F001;2.5.8.6;Kabelformstein;Punkt;V46
27.08.02;3451.F001;2.5.4.2;Stahlrohrmast ohne Zuordnung;Punkt;V17
27.08.02;3451.F002;2.5.4.2;Stahlrohrmast / Bahn;Punkt;V17
27.08.02;3451.F003;2.5.4.2;Stahlrohrmast / Energie;Punkt;V17
27.08.02;3452.F001;2.5.4.3;Stahlbetonmast ohne Zuordnung;Punkt;V18
27.08.02;3452.F002;2.5.4.3;Stahlbetonmast / Bahn;Punkt;V18
27.08.02;3452.F003;2.5.4.3;Stahlbetonmast / Energie;Punkt;V18
27.08.02;3453.F001;2.5.4.1;Gittermast ohne Zuordnung;Punkt;V16
27.08.02;3453.F002;2.5.4.1;Gittermast / Bahn;Punkt;V16
27.08.02;3453.F003;2.5.4.1;Gittermast / Energie;Punkt;V16
27.08.02;3454.F001;2.5.4.6;Stahlgittermast ohne Leitung;Punkt;V21
27.08.02;3455.F001;2.5.4.5;Doppelmast;Punkt;V20
27.08.02;3456.F001;2.5.4.4;Holzmast ohne Zuordnung;Punkt;V17
27.08.02;3456.F002;2.5.4.4;Holzmast / Bahn;Punkt;V17
27.08.02;3456.F003;2.5.4.4;Holzmast / Energie;Punkt;V17
27.08.02;3474.F001;;Schacht rund, Fernwärme;Punkt;V49
27.08.02;3474.F002;;Schacht rund, Gas;Punkt;V49
27.08.02;3474.F003;;Kontrollschacht rund;Punkt;V49
27.08.02;3474.F004;;Kontrollschacht eckig;Punkt;V49
27.08.02;3475.F001;2.5.2.9;Leitung oberirdisch, Fernwärme;Linie;00
27.08.02;3475.F001;2.5.2.9;Leitung oberirdisch, Fernwärme;Text;1
27.08.02;3476.F001;2.5.1.9;Leitung unterirdisch, Fernwärme;Linie;03
27.08.02;3476.F001;2.5.1.9;Leitung unterirdisch, Fernwärme;Text;1
27.08.02;3481.F001;2.5.2.10;Leitung oberirdisch, Fernmeldewesen;Linie;00
27.08.02;3481.F001;2.5.2.10;Beschriftung, Leitung oberirdisch, Fernmeldewesen;Text;1
27.08.02;3482.F001;2.5.1.10;Leitung unterirdisch, Fernmeldewesen;Linie;03
27.08.02;3482.F001;2.5.1.10;Beschriftung, Leitung unterirdisch, Fernmeldewesen;Text;1
27.08.02;3483.F001;2.5.3.11;Merkstein, Fernmeldewesen;Punkt;V14
27.08.02;3483.F002;;Muffe, einfach;Punkt;a01
27.08.02;3483.F003;;Kondensatormuffe;Punkt;a02
27.08.02;3483.F004;;Verbindungsmuffe;Punkt;a03
27.08.02;3483.F005;;Abzweigmuffe;Punkt;a04
27.08.02;3483.F006;;Kabelreserve (Omega);Punkt;a05
27.08.02;3483.F007;;Verteilerkasten, Fernmeldewesen;Punkt;V36
27.08.02;3483.F008;;Kabelmarker;Punkt;a06
27.08.02;3483.F009;;Kabelreserve (unendlich);Punkt;a07
27.08.02;3483.F009;;Kabelreserve (unendlich);Text;1
27.08.02;3484.F001;2.5.8.4;Schacht rund, Fernmeldewesen;Punkt;V44
27.08.02;3485.F001;2.5.4.7;Funkmast;Punkt;V22
27.08.02;3486.F001;2.5.8.3;Fernsprecher;Punkt;V43
27.08.02;3486.F002;;Unfallmelder;Punkt;V45
27.08.02;3487.F001;2.5.9.1;Feuermelder;Punkt;V47
27.08.02;3488.F001;2.5.8.2;Polizeiruf;Punkt;V42
27.08.02;3489.F001;2.5.6.1;Kabelkasten;Punkt;V36
25.10.01;3492.0000;2.5.2.7;Oberirdische Produktenfernleitung;Linie;I22
25.10.01;3492.F001;2.5.2.7;Oberirdische Produktenfernleitung, Beschriftung;Text;1
01.07.02;3493.0000;2.5.1.7;Unterirdische Produktenfernleitung;Linie;I08
01.07.02;3493.F001;2.5.1.7;Unterirdische Produktenfernleitung, Beschriftung;Text;1
20.06.03;3495.0000;2.5.6.2;Windrad, Windmotor;Punkt;F41
27.08.02;3498.F001;2.5.3.12;Schilderpfahl;Punkt;V90
27.08.02;3498.F001;2.5.3.12;Schilderpfahl;Text;1
27.08.02;3502.F001;2.5.1.11;Leitung, Entwässerung, Abwasser, Regenwasser;Linie;00
27.08.02;3502.F001;;Beschriftung Sohlhöhe, Entwässerung, Abwasser, Regenwasser;Text;1
27.08.02;3502.F002;2.5.1.11;Fließpfeil, Entwässerung, Abwasser, Regenwasser;Punkt;V53
27.08.02;3502.F002;;Zuordnungsstrich, Leitungen;Linie;
27.08.02;3502.F003;2.5.1.11;Beschriftung, Entwässerung, Abwasser, Regenwasser;Text;1
27.08.02;3504.F001;2.5.5.5;Schacht rund, Entwässerung, Abwasser, Regenwasser;Punkt;V27
27.08.02;3504.F002;2.5.5.5;Schacht eckig, Entwässerung, Abwasser, Regenwasser;Punkt;V27
27.08.02;3504.F003;;Schlitzrinne;Linie;80
07.04.09;3504.F004;;Drainageschacht;Punkt;
27.08.02;3505.F001;;Straßensinkkasten/Gully freistehend;Punkt;V28
27.08.02;3507.F001;;Schienensinkkasten;Punkt;V31
27.08.02;3508.F001;;Straßensinkkasten/Gully am Bord;Punkt;V29
27.08.02;3531.F001;2.5.5.11;Sickergrube;Punkt;V33
27.08.02;3591.F001;2.5.5.12;Benzin-, Ölabscheider;Punkt;V34
27.08.02;3911.F001;;Schornstein;Punkt;V72
27.08.02;3921.F001;;Drehkran;Punkt;V70
27.08.02;3922.F001;;Portalkran;Punkt;V69
18.07.03;4211.0000;2.2.7.21;Parkanlage (Symbol);Punkt;B15
25.10.01;4211.0000;2.2.7.21;Parkanlage;Flaeche;0
27.08.02;4216.F001;2.5.5.2;Springbrunnen;Punkt;V64
27.08.02;4242.F001;;Wildschutzzaun;Linie;47
03.02.04;4242.F001;;Wildschutzzaun, Beschriftung;Text;1
25.10.01;4261.0000;2.2.7.40;Klein-, Schrebergarten Laubenkolonie;Punkt;B42
25.10.01;4261.0000;2.2.7.40;Klein-, Schrebergarten Laubenkolonie;Flaeche;0
25.10.01;4281.0000;2.2.7.41;Garten;Punkt;B43
25.10.01;4281.0000;2.2.7.41;Garten;Flaeche;0
18.07.03;4301.0000;2.2.7.32;Campingplatz;Punkt;B23
25.10.01;4301.0000;2.2.7.32;Campingplatz;Flaeche;0
25.10.01;5002.0000;2.3.2.7;Netzknotenpunkt (Rahmen);Punkt;D36
03.02.04;5002.F001;;Netzknoten (Bezeichnung);Text;1
06.06.03;5003.F001;2.3.2.8;Stationszeichen;Punkt;D04
03.03.03;5003.0000;3.2.11;Bauwerksbezeichnung;Text;1
19.04.04;5003.F001;;Stationszeichen, Text;Text;1
30.03.04;5003.F003;;Gefahrenzeichen;Punkt;D05
30.03.04;5003.F003;;Gefahrenzeichen, Text;Text;1
30.03.04;5003.F003;;Gefahrenzeichen, Rahmen;Linie;1
28.08.02;5003.F004;;Vorfahrt gewähren;Punkt;a18
28.08.02;5003.F005;;Stopschild;Punkt;a19
28.08.02;5003.F006;;Hauptstr./ Vorfahrtstr.;Punkt;a20
28.08.02;5003.F007;;Richtungsanzeige rechts;Punkt;a21
28.08.02;5003.F008;;Richtungsanzeige links;Punkt;a22
07.04.09;5003.F009;;Leitpfosten;Punkt;
06.06.03;5004.0000;2.3.1.16;Achslinie;Linie;H35
07.04.09;5004.0000;;Achslinie, Beschriftung;Text;1
07.04.09;5004.F001;;Achse - Autobahn;Linie;H35
07.04.09;5004.F001;;Achse - Autobahn, Text;Text;1
07.04.09;5004.F002;;Achse - Bundesstraße;Linie;H35
07.04.09;5004.F002;;Achse - Bundesstraße, Text;Text;1
07.04.09;5004.F003;;Achse - Landstraße;Linie;H35
07.04.09;5004.F003;;Achse - Landstraße, Text;Text;1
07.04.09;5004.F004;;Achse - Kreisstraße;Linie;H35
07.04.09;5004.F004;;Achse - Kreisstraße, Text;Text;1
07.04.09;5004.F005;;Achse - Gemeindestraße;Linie;H35
07.04.09;5004.F005;;Achse - Gemeindestraße, Text;Text;1
07.04.09;5004.F006;;Achse - Staatsstraße;Linie;H35
07.04.09;5004.F006;;Achse - Staatsstraße, Text;Text;1
07.04.09;5004.F007;;Achshöhe, Beschriftung;Text;1
25.10.01;5113.0000;2.3.1.3;Randstreifen unter 0,50m breit;Linie;31
25.10.01;5114.0000;2.3.1.4;Randstreifen 0,50m und breiter;Linie;32
25.10.01;5115.0000;2.3.1.5;Randstreifen mit unterbrochener Markierung;Linie;33
06.06.03;5116.0000;2.3.1.6;Fahrbahnmarkierung;Linie;H34
23.04.03;5116.0000;2.3.1.6;Fahrbahnmarkierung;Punkt;8
03.03.03;5121.0000;3.2.9;Straßennamen;Text;1
24.06.02;5141.0000;2.3.1.22;Gehweg an Straßen;Linie;D54
06.06.03;5141.0000;2.3.1.22;Gehweg an Straßen;Text;1
25.10.01;5151.0000;2.3.1.23;Geh- / Radweg;Linie;D55
06.06.03;5151.0000;2.3.1.23;Geh- / Radweg;Text;1
25.10.01;5161.0000;2.3.1.24;Radweg an Straßen;Linie;D56
06.06.03;5161.0000;2.3.1.24;Radweg an Straßen;Text;1
07.04.09;5172.F001;2.5.4.9;Stahlstütze 4-eckig;Punkt;
06.06.03;5173.0000;2.3.1.18;Hochbord;Linie;H37
03.02.04;5173.0000;2.3.1.18;Hochbord;Text;1
06.06.03;5174.0000;2.3.1.19;Tiefbord (Randeinfassung);Linie;H38
03.03.03;5201.0000;3.2.8;Weg;Text;1
25.10.01;5211.0000;2.3.1.20;Unbefestigter Weg;Linie;66
06.06.03;5215.0000;2.3.1.21;Weg unter 1mm Kartenbreite, Pfad;Linie;34
25.06.02;5227.0000;2.3.11.2;Furt;Punkt;D44
25.10.01;5271.0000;2.3.1.7;Richtungspfeil geradeaus;Punkt;H01
25.10.01;5272.0000;2.3.1.8;Richtungspfeil geradeaus und links ab;Punkt;H02
25.10.01;5273.0000;2.3.1.9;Richtungspfeil geradeaus und rechts ab;Punkt;H03
25.10.01;5274.0000;2.3.1.10;Richtungspfeil nach links;Punkt;H04
25.10.01;5275.0000;2.3.1.11;Richtungspfeil nach rechts;Punkt;H05
25.10.01;5276.0000;2.3.1.12;Richtungspfeil links ab;Punkt;H06
25.10.01;5277.0000;2.3.1.13;Richtungspfeil rechts ab;Punkt;H07
25.10.01;5278.0000;2.3.1.14;Richtungspfeil links und rechts ab;Punkt;H08
06.06.03;5279.0000;2.3.1.15;Vorankündigungspfeil;Punkt;H19
03.02.04;5279.F001;;Richtungspfeil gerade, rechts, links;Punkt;H09
06.06.03;5281.0000;2.3.3.1;Freistehende Hinweistafel, -zeichen, Ortsschild;Punkt;D37
24.02.04;5281.F001;;Hinweistafel,- zeichen, Ortsschild, Pfeil;Punkt;D31
24.02.04;5281.F001;;Hinweistafel,- zeichen, Ortsschild, Pfeil;Linie;1
24.02.04;5281.F001;;Hinweistafel,- zeichen, Ortsschild, Pfeil;Text;1
06.06.03;5282.0000;2.3.3.2;Wegweiser von besonderer Bedeutung;Punkt;D38
07.04.09;5283.F001;;Warnbake, 3 Streifen, links;Punkt;
07.04.09;5283.F002;;Warnbake, 3 Streifen, rechts;Punkt;
07.04.09;5283.F003;;Warnbake, 2 Streifen, links;Punkt;
07.04.09;5283.F004;;Warnbake, 2 Streifen, rechts;Punkt;
07.04.09;5283.F005;;Warnbake, 1 Streifen, links;Punkt;
07.04.09;5283.F006;;Warnbake, 1 Streifen, rechts;Punkt;
06.06.03;5284.0000;2.3.3.4;Verkehrsampel;Punkt;D08
25.10.01;5285.0000;2.3.2.1;Kilometerstein, Kilometertafel;Punkt;D01
03.02.04;5285.0000;2.3.2.1;Kilometerstein, Kilometertafel;Linie;1
03.02.04;5285.0000;2.3.2.1;Kilometerstein, Kilometertafel;Text;1
06.06.03;5286.0000;2.3.3.3;Feststehendes Verkehrszeichen;Punkt;D39
06.06.03;5286.F001;;Feststehendes Verkehrszeichen, Rahmen;Linie;1
24.02.04;5286.F001;;Feststehendes Verkehrszeichen, Text;Text;1
18.06.03;5287.0000;2.3.3.7;Verkehrszeichenbrücke;Punkt;D10
18.06.03;5287.0001;;Verkehrszeichenbrücke, Verbindung;Linie;1
30.03.04;5287.F001;;Verkehrszeichenbrücke, Beschriftung;Text;1
28.08.02;5287.F001;;Verkehrszeichenbrücke, Rahmen;Linie;1
18.06.03;5288.0000;2.3.3.8;Lichtzeichenbrücke;Punkt;D11
30.03.04;5288.0001;;Lichtzeichenbrücke, Verbindung;Linie;1
30.03.04;5288.F001;;Lichtzeichenbrücke, Beschriftung;Text;1
30.03.04;5288.F001;;Lichtzeichenbrücke, Rahmen;Linie;1
06.06.03;5289.0000;2.3.2.2;Ortsdurchfahrtsstein;Punkt;D02
25.10.01;5289.0000;2.3.2.2;Ortsdurchfahrtsstein;Text;1
06.06.03;5292.0000;2.3.2.10;Tür (im Wildschutzzaun);Punkt;D35
18.06.03;5295.0000;2.3.3.9;Mittelstreifenüberfahrt;Punkt;D12
30.03.04;5295.F001;;Mittelstreifen, Text;Text;1
30.03.04;5295.F001;;Mittelstreifenüberfahrt;Linie;0
06.06.03;5296.0000;2.3.1.1;Straße, Weg - Begrenzung des befahrbaren Raumes;Linie;62
06.06.03;5297.0000;;Straße, Weg - Begrenzung des befahrbaren Raumes, verdeckt;Linie;
27.08.02;5311.F001;;Parkplatz in Städten;Punkt;U88
25.10.01;5411.0000;2.3.4.1;Durchgehendes Gleis der Bahnen (Achse), sonstiges;Linie;H44
30.03.04;5411.F001;;Eisenbahn, Text;Text;1
30.03.04;5411.F002;;Eisenbahn, Strecke, Richtung, Text;Text;1
25.10.01;5413.0000;2.3.5.2;Kilometertafel, -stein;Punkt;D33
30.03.04;5413.F001;;KM-stein, Text;Text;1
18.06.03;5432.0000;2.3.4.2;Straßenbahngleisachse;Linie;H45
18.06.03;5434.0000;2.3.3.5;Straßenbahnhaltestelle;Punkt;D09
28.08.02;5435.F001;;Straßenbahn Oberleitungsmast;Punkt;U90
18.06.03;5439.0000;2.3.3.6;Bushaltestelle;Punkt;D32
22.07.03;5472.0000;2.3.5.3;Signal, Eisenbahnsignal;Punkt;D14
22.07.03;5476.0000;2.3.5.4;Blinklicht;Punkt;D16
18.06.03;5477.0000;2.3.5.1;Bahnschranke;Punkt;D34
30.03.04;5477.F002;;Warnkreuz;Punkt;D15
25.10.01;5636.0000;2.3.10.2;Kilometerstein an Wasserstraßen;Punkt;D22
25.10.01;5636.0000;2.3.10.2;Kilometerstein an Wasserstraßen;Text;1
28.08.02;5733.F001;2.3.11.1;Fußgängersteg;Punkt;a52
25.10.01;5736.0000;2.3.11.4;Brückenpfeiler;Punkt;D45
28.08.02;5742.F001;;Lampe ohne Zuordnung;Punkt;V38
28.08.02;5742.F002;;Lampe/ Energie;Punkt;V38
28.08.02;5745.F001;2.5.8.1;Briefkasten;Punkt;V41
28.08.02;5746.F001;2.7.4.2;Uhr;Punkt;V80
28.08.02;5747.F001;;Anschlagsäule;Punkt;V79
28.08.02;5751.F001;2.7.4.14;Fahne / Fahnenmast;Punkt;V62
25.10.01;5901.0000;2.2.7.35;Laubgehölz (in Verkehrsflächen);Punkt;B37
25.10.01;5901.0000;2.2.7.35;Laubgehölz (in Verkehrsflächen);Flaeche;0
27.10.03;5902.0000;2.2.7.36;Grünland (in Verkehrsflächen);Punkt;B38
27.10.03;5902.0000;2.2.7.36;Grünland (in Verkehrsflächen);Flaeche;0
27.10.03;5902.F001;;Grünland, Einzelsignatur;Punkt;B38
25.10.01;5903.0000;2.2.7.37;Nadelgehölz (in Verkehrsflächen);Punkt;B39
25.10.01;5903.0000;2.2.7.37;Nadelgehölz (in Verkehrsflächen);Flaeche;0
06.06.03;6110.0000;2.2.7.1;Ackerland;Punkt;B24
25.10.01;6110.0000;2.2.7.1;Ackerland;Flaeche;54
06.06.03;6120.0000;2.2.7.2;Streuobstacker;Punkt;B25
06.06.03;6120.0000;2.2.7.2;Streuobstacker;Flaeche;
06.06.03;6130.0000;2.2.7.24;Hopfen;Punkt;B33
29.01.04;6130.0000;2.2.7.24;Hopfen;Flaeche;0
06.06.03;6140.0000;2.2.7.25;Spargel;Punkt;B34
29.01.04;6140.0000;2.2.7.25;Spargel;Flaeche;0
18.07.03;6206.0000;2.2.7.26;Schilf, Reith, Reet, Rohr (Gruppensymbol);Punkt;B18
25.10.01;6206.0000;2.2.7.26;Schilf, Reith, Reet, Rohr;Flaeche;0
18.07.03;6210.0000;2.2.7.3;Grünland (Gruppensymbol);Punkt;B01
25.10.01;6210.0000;2.2.7.3;Grünland;Flaeche;44
28.01.04;6210.F001;;Wiese, nass;Punkt;B02
28.01.04;6210.F001;;Wiese, nass;Flaeche;
06.06.03;6220.0000;2.2.7.4;Streuobstwiese;Punkt;B26
25.10.01;6220.0000;2.2.7.4;Streuobstwiese;Flaeche;57
29.10.03;6310.0000;2.2.7.5;Gartenland (Gruppensymbol);Punkt;B03
25.10.01;6310.0000;2.2.7.5;Gartenland;Flaeche;42
06.06.03;6320.0000;2.2.7.8;Baumschule;Punkt;B05
25.10.01;6320.0000;2.2.7.8;Baumschule;Flaeche;0
18.07.03;6400.0000;2.2.7.9;Weingarten (Gruppensymbol);Punkt;B06
25.10.01;6400.0000;2.2.7.9;Weingarten;Flaeche;0
18.07.03;6500.0000;2.2.7.14;Moor;Punkt;B11
25.10.01;6500.0000;2.2.7.14;Moor;Flaeche;0
06.06.03;6600.0000;2.2.7.15;Heide;Punkt;B12
25.10.01;6600.0000;2.2.7.15;Heide;Flaeche;0
18.07.03;6710.0000;2.2.7.6;Obstbaumanlage (Gruppensymbol);Punkt;B04
25.10.01;6710.0000;2.2.7.6;Obstbaumanlage;Flaeche;71
06.06.03;6720.0000;2.2.7.7;Obststrauchanlage;Punkt;B27
06.06.03;6720.0000;2.2.7.7;Obststrauchanlage;Flaeche;
25.10.01;6800.0000;2.2.7.18;Landwirtschaftliche Betriebsflächen;Punkt;B30
25.10.01;6800.0000;2.2.7.18;Landwirtschaftliche Betriebsflächen;Text;1
18.07.03;6900.0000;2.2.7.19;Brachland, Unland (Symbol);Punkt;B31
25.10.01;6900.0000;2.2.7.19;Brachland, Unland;Text;1
25.10.01;6900.0000;2.2.7.19;Brachland, Unland;Flaeche;0
06.06.03;7100.0000;2.2.7.11;Laubwald (Symbol);Punkt;B08
06.06.03;7100.0000;2.2.7.11;Laubwald;Flaeche;0
18.07.03;7200.0000;2.2.7.12;Nadelwald (Symbol);Punkt;B09
16.07.02;7200.0000;2.2.7.12;Nadelwald;Flaeche;0
18.07.03;7300.0000;2.2.7.13;Mischwald;Punkt;B10
25.10.01;7300.0000;2.2.7.13;Mischwald;Flaeche;0
18.07.03;7400.0000;2.2.7.23;Gehölzfläche (Symbol);Punkt;B16
25.10.01;7400.0000;2.2.7.23;Gehölzfläche;Flaeche;0
06.06.03;7401.0000;2.2.7.38;Nadelgehölz;Punkt;B40
25.10.01;7401.0000;2.2.7.38;Nadelgehölz;Flaeche;0
06.06.03;7402.0000;2.2.7.39;Laubgehölz;Punkt;B41
25.10.01;7402.0000;2.2.7.39;Laubgehölz;Flaeche;0
28.08.02;7501.F001;2.7.1.3;Laubbaum;Punkt;U54
28.08.02;7502.F001;2.7.1.4;Nadelbaum;Punkt;U55
28.08.02;7503.F001;2.7.1.1;Hervorragender Laubbaum;Punkt;U52
28.08.02;7505.F001;2.7.1.2;Hervorragender Nadelbaum;Punkt;U53
28.08.02;7506.F001;2.7.1.6;Laubbaumreihe;Punkt;U57
28.08.02;7507.F001;2.7.1.7;Nadelbaumreihe;Punkt;U58
28.08.02;7515.F001;2.7.1.5;Baum, eingemessen;Punkt;U56
28.08.02;7515.F001;2.7.1.5;Baum, eingemessen, Text, Stammdurchmesser, Krone;Text;1
30.03.04;7855.F001;;Durchlaß/Hüllrohr;Punkt;a51
30.03.04;7855.F001;;Durchlaß/Hüllrohr, Verbindungslinie;Linie;
18.06.03;8011.0000;2.3.8.9;Quelle;Punkt;D20
25.10.01;8011.0000;2.3.8.9;Quelle;Text;1
18.06.03;8023.0000;2.3.10.7;Höhe des Wasserspiegels;Punkt;D26
25.10.01;8023.0000;2.3.10.7;Höhe des Wasserspiegels, Text;Text;1
18.06.03;8025.0000;2.3.8.3;Fließrichtungspfeil;Punkt;D31
18.06.03;8031.0000;2.3.9.1;Uferbefestigung (als senkrechte Mauer);Linie;H54
25.10.01;8033.0000;2.3.9.3;Buhne;Linie;H57
30.10.03;8036.0000;2.3.9.4;Pfahlwand, Holzbollwerk;Linie;
25.10.01;8037.0000;2.3.8.1;Feste Uferlinie;Linie;H52
18.06.03;8038.0000;2.3.8.2;Veränderliche oder unbestimmbare Uferlinie;Linie;30
18.06.03;8062.0000;2.3.10.5;Wehr;Linie;H56
18.06.03;8073.0000;2.3.12.1;Düker;Linie;H61
24.10.03;8083.0000;2.3.10.6;Fischtreppe, Kaskade;Linie;1
28.08.02;8084.F001;2.7.4.10;Eisbrecher;Punkt;V61
25.10.01;8091.0000;2.1.7.1;Lattenpegel;Punkt;
10.12.03;8091.F001;;Pegel allgemein;Punkt;
10.12.03;8091.F001;;Pegel;Text;1
08.12.03;8092.0000;2.1.7.2;Schreibpegel;Punkt;
25.10.01;8093.0000;2.1.7.3;Hochwasserpegel;Punkt;
08.12.03;8094.0000;2.1.7.5;Grundwassermeßstelle;Punkt;
25.10.01;8095.0000;2.1.7.4;Eichpfahl;Punkt;
28.08.02;8096.F001;2.5.5.13;Grundwasserbeobachtungsrohr;Punkt;V35
28.08.02;8096.F001;2.5.5.13;Grundwasserbeobachtungsrohr;Text;1
03.03.03;8112.0000;3.3.1;Schiffbarer Fluß, Strom;Text;1
03.03.03;8113.0000;3.3.2;Nicht schiffbarer Fluß;Text;1
03.03.03;8114.0000;3.3.3;Kleiner Fluß;Text;1
03.03.03;8221.0000;3.3.4;Schiffbarer Kanal;Text;1
03.03.03;8222.0000;3.3.5;Nichtschiffbarer Kanal;Text;1
25.10.01;8401.0000;2.3.8.7;Bach unter 1m;Text;1
30.03.04;8401.0000;2.3.8.7;Bach unter 1m;Linie;1
30.03.03;8401.0001;2.3.8.6;Wasserlaufseite > 1 m;Linie;1
29.03.04;8401.0001;3.3.6;Oberirdischer Bach;Text;1
03.03.03;8402.0000;3.3.7;Unterirdischer Bach;Text;1
24.10.03;8501.0000;2.3.8.8;Nasser Graben unter 1m;Linie;0
25.10.01;8501.0000;2.3.8.8;Nasser Graben unter 1m;Text;1
29.03.04;8501.0001;3.3.13;Oberirdischer nasser Graben;Text;1
28.08.02;8501.F001;;Fließrichtungspfeil, groß;Punkt;D31
03.03.03;8502.0000;3.3.14;Unterirdischer nasser Graben;Text;1
03.03.03;8503.0000;3.3.15;Trockener Graben;Text;1
25.10.01;8508.0000;2.3.1.17;Wegseitengraben, Rinne, Straßengraben, Grüppe;Linie;05
25.10.01;8508.0000;2.3.1.17;Wegseitengraben, Rinne, Straßengraben, Grüppe;Text;1
03.02.04;8508.F001;;Fließrichtungspfeil, Straßengraben;Punkt;D31
03.03.03;8611.0000;3.3.8;Schiffbarer See;Text;1
03.03.03;8612.0000;3.3.9;Nicht schiffbarer See;Text;1
03.03.03;8621.0000;3.3.10;Stausee;Text;1
03.03.03;8801.0000;3.3.11;Teich;Text;1
03.03.03;8802.0000;3.3.12;Weiher;Text;1
20.06.03;9010.0000;2.7.4.15;Bohrpunkt, Bohrung;Punkt;G40
07.04.09;9010.0000;2.7.4.15;Bohrpunkt, Bohrung, Beschriftung;Text;1
07.04.09;9010.F001;;Tiefenbohrpunkt;Punkt;
07.04.09;9010.F001;;Tiefenbohrpunkt, Beschriftung;Text;1
07.04.09;9010.F002;;Schürfpunkt;Punkt;
07.04.09;9010.F002;;Schürfpunkt, Beschriftung;Text;1
07.04.09;9293.F001;;Verkehrsspiegel;Punkt;
25.10.01;9242.0000;2.3.2.6;Lärmschutzwand;Punkt;D35
25.10.01;9242.0000;2.3.2.6;Lärmschutzwand;Linie;54
03.02.04;9242.0000;2.3.2.6;Lärmschutzwand;Text;1
28.08.02;9242.F002;;Blendschutzeinrichtung;Linie;0
07.04.09;9291.F001;;Pollerstein;Punkt;
25.10.01;9291.0000;2.3.2.3;Abweisende Schutzeinrichtung (einseitig), rechts;Punkt;1
07.04.09;#051.F015;;Abweisende Schutzeinrichtung (einseitig), rechts, verdeckt;Punkt;1
25.10.01;9291.0000;2.3.2.3;Abweisende Schutzeinrichtung (einseitig), rechts;Linie;H41
07.04.09;#051.F015;;Abweisende Schutzeinrichtung (einseitig), rechts, verdeckt;Linie;
03.02.04;9292.0000;2.3.2.4;Abweisende Schutzeinrichtung (zweiseitig) mittig;Linie;H42
07.04.09;#051.F016;2.3.2.4;Abweisende Schutzeinrichtung (zweiseitig) mittig, verdeckt;Linie;
03.02.04;9292.F001;;Leitplanke, Text;Text;1
28.08.02;9332.F001;;Denkmal;Punkt;V65
25.10.01;9333.0000;2.7.2.2;Naturdenkmal (Baum);Punkt;G31
25.10.01;9333.0000;2.7.2.2;Naturdenkmal (Baum);Text;1
28.08.02;9333.F001;;Naturdenkmal;Punkt;V66
28.08.02;9341.F001;;Bildstock;Punkt;V67
28.08.02;9342.F001;;Kreuz;Punkt;V68
20.06.03;9395.0000;2.7.4.11;Historischer Grenzstein;Punkt;G27
23.10.03;9411.0000;2.2.7.20;Friedhof (Symbol);Punkt;B14
25.10.01;9411.0000;2.2.7.20;Friedhof;Flaeche;0
25.10.01;9430.0000;2.2.7.27;Historischer Friedhof;Punkt;B28
25.10.01;9430.0000;2.2.7.27;Historischer Friedhof;Text;1
25.10.01;9430.0000;2.2.7.27;Historischer Friedhof;Flaeche;0
20.06.03;9488.0000;2.5.8.5;Notrufsäule;Punkt;F50
25.10.01;9488.0000;2.5.8.5;Notrufsäule;Text;1
20.06.03;9701.0000;2.7.4.12;Turm;Punkt;G28
25.10.01;9701.0000;2.7.4.12;Turm;Text;1
25.10.01;9703.0000;2.7.4.13;Aussichtsturm;Punkt;G38
25.10.01;9703.0000;2.7.4.13;Aussichtsturm;Text;1
28.08.02;9788.F001;;Notruf;Punkt;V45
25.10.01;99999.9999;;Sonstiges;Punkt;1
25.10.01;99999.9999;;Sonstiges;Linie;0
25.10.01;99999.9999;;Sonstiges;Text;1
25.10.01;99999.9999;;Sonstiges;Flaeche;0
20.06.03;A311.0000;2.6.4.1;Grenzhecke gemeinschaftlich;Linie;I40
25.10.01;A312.0000;2.6.4.2;Grenzzaun gemeinschaftlich;Linie;I43
25.10.01;A315.0000;2.6.4.6;gemeinschaftlich;Linie;I52
25.10.01;A316.0000;2.6.4.7;gemeinschaftlich;Linie;I54
25.10.01;L311.0000;2.6.4.1;Grenzhecke links (in Aufnahmerichtung);Linie;I41
25.10.01;L313.0000;2.6.4.3;Grenzmauer links (in Aufnahmerichtung);Linie;I46
25.10.01;L315.0000;2.6.4.6;links (in Aufnahmerichtung);Linie;I53
25.10.01;L316.0000;2.6.4.7;links (in Aufnahmerichtung);Linie;I55
25.10.01;L317.0000;2.6.4.8;Grenzrain links (in Aufnahmerichtung);Linie;I57
27.10.03;L318.0000;2.6.4.9;Wasserführender Grenzgraben links (in Aufnahmerichtung);Linie;I58
27.10.03;L319.0000;2.6.4.10;Trockener Grenzgraben links (in Aufnahmerichtung);Linie;I59
25.10.01;L321.0000;2.6.4.4;links (in Aufnahmerichtung);Linie;I48
27.10.03;L323.0000;2.6.4.5;links (in Aufnahmerichtung);Linie;I50
20.06.03;R311.0000;2.6.4.1;Grenzhecke rechts (in Aufnahmerichtung);Linie;I42
27.10.03;R312.0000;2.6.4.2;Grenzzaun rechts (in Aufnahmerichtung);Linie;I45
27.10.03;R313.0000;2.6.4.3;Grenzmauer rechts (in Aufnahmerichtung);Linie;I46
27.10.03;R315.0000;2.6.4.6;rechts (in Aufnahmerichtung);Linie;I53
27.10.03;R316.0000;2.6.4.7;rechts (in Aufnahmerichtung);Linie;I55
27.10.03;R317.0000;2.6.4.8;Grenzrain rechts (in Aufnahmerichtung);Linie;I57
27.10.03;R318.0000;2.6.4.9;Wasserführender Grenzgraben rechts (in Aufnahmerichtung);Linie;I58
27.10.03;R319.0000;2.6.4.10;Trockener Grenzgraben rechts (in Aufnahmerichtung);Linie;I59
25.10.01;R321.0000;2.6.4.4;rechts (in Aufnahmerichtung);Linie;I49
27.10.03;R323.0000;2.6.4.5;rechts (in Aufnahmerichtung);Linie;I51
03.02.04;R351.0000;2.2.11;Hecke,  topographisch bedeutend, rechts (in Aufnahmerichtung);Linie;H28
06.06.03;R352.0000;2.2.9;Mauer,  topographisch bedeutend, rechts (in Aufnahmerichtung);Linie;H22
03.02.04;R353.0000;2.2.8;Zaun,  topographisch bedeutend rechts (in Aufnahmerichtung);Linie;47
03.02.04;R473.0000;2.2.10;Futtermauer, Stützmauer rechts (in Aufnahmerichtung);Linie;H25
17.02.03;RE85.0001;RE 85;Fahrbahn;Flaeche;15
17.02.03;RE85.0002;RE 85;Bankett;Flaeche;105
27.11.03;RE85.0003;RE 85;Dammböschung;Flaeche;90
27.11.03;RE85.0004;RE 85;Einschnittsböschung;Flaeche;114
17.02.03;RE85.0005;RE 85;Insel gepflastert;Flaeche;16
17.02.03;RE85.0006;RE 85;Stützwand, Widerlager;Flaeche;08
17.02.03;RE85.0007;RE 85;geplanter Gebäudeabbruch;Flaeche;10
17.02.03;RE85.0008;RE 85;Gewässer mit Fließrichtung;Flaeche;35
21.11.03;RE85.0009;RE 85;Gehweg;Flaeche;115
17.02.03;RE85.0010;RE 85;Zufahrt;Flaeche;54
21.11.03;RE85.0011;RE 85;Wirtschaftsweg;Flaeche;15
04.11.03;RE85.0012;RE 85;Grunderwerb - für den Straßenbau vorübergehend benötigte Fläche;Flaeche;89
04.11.03;RE85.0013;RE 85;Grunderwerb - dauernd zu beschränkende Fläche;Flaeche;95
04.11.03;RE85.0014;RE 85;Grunderwerb - Restfläche;Flaeche;26
21.11.03;RE85.0015;RE 85;Trennstreifen;Flaeche;105
17.02.03;RE85.0016;RE 85;Radweg;Flaeche;82
21.11.03;RE85.0017;RE 85;Geh-/Radweg;Flaeche;82
03.12.03;RE85.0019;RE 85;Aufschüttung;Flaeche;90
03.12.03;RE85.0020;RE 85;Abgrabung;Flaeche;114
21.11.03;RE85.0021;RE 85;Lärmschutzwall;Flaeche;60
17.02.03;RE85.0022;RE 85;Lärmschutzwand;Flaeche;08
17.02.03;RE85.0023;RE 85;Gewässer ohne Fließrichtung;Flaeche;35
04.11.03;RE85.0024;RE 85;Grunderwerb - für den Straßenbau zu erwerbende Fläche;Flaeche;99
21.11.03;RE85.0025;RE 85;Gebäude bereits abgebrochen;Flaeche;10
25.10.01;Z313.0000;2.6.4.3;Grenzmauer gemeinschaftlich (beidseitig);Linie;I45
25.10.01;Z317.0000;2.6.4.8;Grenzrain gemeinschaftlich;Linie;I56
26.08.02;Z318.F001;;Wasserführender Grenzgraben > 2 mm , gemeinsam;Linie;*
26.08.02;Z318.F002;;Wasserführender Grenzgraben < 2 mm , gemeinsam;Linie;00
27.10.03;Z319.0000;2.6.4.10;Trockener Grenzgraben gemeinschaftlich;Linie;I59
25.10.01;Z321.0000;2.6.4.4;gemeinschaftlich;Linie;1
20.06.02;Z352.0000;2.2.9;Mauer,  topographisch bedeutend, beidseitig (mittig);Linie;H20
